T,psi_GB
0.050000,0.996606
0.060000,0.983630
0.070000,0.977881
0.080000,0.959706
0.090000,0.947389
0.100000,0.977628
0.110000,0.946292
0.120000,0.957705
0.130000,0.932828
0.140000,0.935228
0.150000,0.926453
0.160000,0.928805
0.170000,0.903106
0.180000,0.926029
0.190000,0.872959
0.200000,0.893030
0.210000,0.864266
0.220000,0.847201
0.230000,0.811534
0.240000,0.796213
0.250000,0.818085
0.260000,0.836159
0.270000,0.816183
0.280000,0.758884
0.290000,0.760793
0.300000,0.721291
0.310000,0.713769
0.320000,0.683088
0.330000,0.667933
0.340000,0.660500
0.350000,0.640719
0.360000,0.649385
0.370000,0.641935
0.380000,0.614401
0.390000,0.618248
0.400000,0.621504
0.410000,0.604286
0.420000,0.605198
0.430000,0.551399
0.440000,0.528584
0.450000,0.533874
0.460000,0.527188
0.470000,0.534349
0.480000,0.542627
0.490000,0.536639
0.500000,0.525724
0.510000,0.515647
0.520000,0.524673
0.530000,0.522756
0.540000,0.510451
0.550000,0.510644
0.560000,0.507990
0.570000,0.502500
0.580000,0.515442
0.590000,0.515056
0.600000,0.504782
0.610000,0.494636
0.620000,0.499328
0.630000,0.498202
0.640000,0.507749
0.650000,0.490359
0.660000,0.506528
0.670000,0.498060
0.680000,0.486960
0.690000,0.494615
0.700000,0.496821
0.710000,0.497270
0.720000,0.503754
0.730000,0.484038
0.740000,0.492041
0.750000,0.489348
0.760000,0.473604
0.770000,0.475614
0.780000,0.486290
0.790000,0.482308
0.800000,0.475138
0.810000,0.488554
0.820000,0.487156
0.830000,0.484255
0.840000,0.475701
0.850000,0.480461
0.860000,0.464469
0.870000,0.474120
0.880000,0.481680
0.890000,0.467407
0.900000,0.468577
0.910000,0.475427
0.920000,0.474941
0.930000,0.470095
0.940000,0.477297
0.950000,0.475055
0.960000,0.477166
0.970000,0.473939
0.980000,0.473895
0.990000,0.469150
1.000000,0.467218
