theta_deg,sigma_gb,Sigma,Sigma_true,m,n,nx,ny,N_atoms,best_sx_a,best_sy_a,pe_final,converged,dmin
4.83806,0.591120,421,421,20,1,10,2,16792,0.00000,-6.18933,-52756.934091,1,1.05039
5.08585,0.602295,381,127,19,1,10,2,15198,0.00000,12.13121,-47742.910121,1,1.05071
5.36037,0.622929,343,343,18,1,10,2,13678,0.00000,5.08068,-42960.611140,1,1.05016
5.66619,0.644436,307,307,17,1,10,2,12238,0.00000,-6.06234,-38430.300626,1,1.05024
6.00898,0.666607,273,91,16,1,10,2,10878,0.00000,-13.91161,-34152.025483,1,1.05126
6.39588,0.683269,241,241,15,1,10,2,9604,0.00000,-7.07072,-30145.424460,1,1.05003
6.83596,0.706260,211,211,14,1,10,2,8406,0.00000,-3.44899,-26377.569460,1,1.04993
7.34099,0.724364,183,61,13,1,10,2,7290,0.00000,-4.35039,-22868.661239,1,1.05095
7.92647,0.758224,157,157,12,1,10,2,6250,0.00000,-4.42558,-19597.706294,1,1.04980
8.61324,0.782095,133,133,11,1,10,2,5294,0.00000,-3.46838,-16592.538163,1,1.04945
9.43001,0.806969,111,37,10,1,10,2,4416,0.00000,-8.52909,-13833.147177,1,1.05163
9.89922,0.823230,403,403,19,2,6,2,9628,0.00000,-0.99916,-30175.282253,1,1.04856
10.41744,0.846682,91,91,9,1,10,2,3618,0.00000,7.86322,-11324.831446,1,1.04923
10.99273,0.848072,327,109,17,2,6,2,7812,0.00000,11.34409,-24468.856151,1,1.05150
11.63505,0.886737,73,73,8,1,10,2,2900,0.00000,-3.58149,-9068.887005,1,1.04950
12.35678,0.894438,259,259,15,2,6,2,6180,0.00000,2.58837,-19339.621706,1,1.04874
13.17355,0.908475,57,19,7,1,10,2,2262,0.00000,-6.14208,-7066.405596,1,1.05406
14.10535,0.935004,199,199,13,2,6,2,4744,0.00000,-1.72462,-14829.304546,1,1.04832
14.44580,0.944573,427,427,19,3,4,2,6784,0.00000,1.66322,-21201.085903,1,1.04796
15.17818,0.952058,43,43,6,1,10,2,1706,0.00000,-3.55951,-5321.223370,1,1.04857
15.98828,0.970613,349,349,17,3,4,2,5540,0.00000,-1.72500,-17296.462071,1,1.04818
16.42642,0.954467,147,49,11,2,6,2,3504,0.00000,-5.30000,-10939.056445,1,1.05561
16.88907,0.982781,313,313,16,3,4,2,4968,0.00000,1.66421,-15501.922146,1,1.04873
17.89655,1.003927,31,31,5,1,12,2,1474,0.00000,4.21351,-4596.077637,1,1.05070
19.03068,1.019815,247,247,14,3,4,2,3916,0.00000,10.64828,-12201.387076,1,1.04930
19.65286,1.024303,103,103,9,2,6,2,2448,0.00000,-7.79043,-7624.521507,1,1.04830
20.31666,1.025214,217,217,13,3,6,2,5174,0.00000,-9.71298,-16167.911758,1,1.04812
20.66548,1.014387,373,373,17,4,4,2,5924,0.00000,0.81456,-18493.794046,1,1.04884
21.78679,0.981607,21,7,4,1,14,2,1170,0.00000,-1.76784,-3647.701209,1,1.05664
23.03503,1.039638,301,301,15,4,4,2,4776,0.00000,-3.48261,-14892.612985,1,1.04714
23.48306,1.053715,163,163,11,3,6,2,3884,0.00000,-3.66745,-12120.541307,1,1.04688
23.85405,1.058173,439,439,18,5,4,2,6976,0.00000,-13.16029,-21784.909276,1,1.04708
24.43270,1.051578,67,67,7,2,8,2,2128,0.00000,3.49444,-6631.163554,1,1.04764
25.03966,1.055944,399,133,17,5,4,2,6336,0.00000,-6.09959,-19778.921204,1,1.04753
25.46106,1.053440,139,139,10,3,6,2,3308,0.00000,0.89216,-10315.632132,1,1.04737
26.00782,1.051647,237,79,13,4,4,2,3756,0.00000,-7.76059,-11696.556752,1,1.05340
26.34710,1.057976,361,361,16,5,4,2,5732,0.00000,-5.23098,-17885.560641,1,1.05186
27.79577,1.055757,13,13,3,1,18,2,928,0.00000,-0.99352,-2891.377188,1,1.05078
29.12778,1.046948,427,427,17,6,4,2,6784,0.00000,-0.91795,-21184.760211,1,1.04791
29.40931,1.033843,291,97,14,5,4,2,4620,0.00000,-1.01634,-14404.718893,1,1.04837
29.84172,1.037236,181,181,11,4,6,2,4316,0.00000,-10.85452,-13476.331115,1,1.04690
30.59069,1.025318,97,97,8,3,8,2,3080,0.00000,0.99179,-9615.950048,1,1.04931
31.21680,1.005910,259,259,13,5,4,2,4106,0.00000,-1.79195,-12798.144294,1,1.06356
32.20423,0.930141,39,13,5,2,10,2,1548,0.00000,1.27833,-4827.291739,1,1.08175
33.25435,1.013362,229,229,12,5,4,2,3628,0.00000,0.95673,-11300.292043,1,1.05318
33.99218,1.032246,79,79,7,3,8,2,2508,0.00000,0.93605,-7822.784126,1,1.05150
34.53894,1.039095,417,139,16,7,4,2,6624,0.00000,12.68905,-20684.386080,1,1.05249
34.96034,1.052924,133,133,9,4,6,2,3164,0.00000,7.22731,-9864.549122,1,1.05124
35.56730,1.051453,201,67,11,5,6,2,4794,0.00000,7.08732,-14973.421712,1,1.04888
35.98340,1.061113,283,283,13,6,4,2,4488,0.00000,-5.38846,-13987.610466,1,1.05000
36.28642,1.061525,379,379,15,7,4,2,6018,0.00000,0.97041,-18781.353027,1,1.04978
38.21321,1.047510,7,7,2,1,24,2,666,0.00000,-1.11093,-2074.756288,1,1.05583
